<?xml version="1.0" encoding="utf-8"?>
<ISO11783_TaskData DataTransferOrigin="1" ManagementSoftwareManufacturer="Pix4Dfields" ManagementSoftwareVersion="2.7.1 (5859e35030)" VersionMajor="4" VersionMinor="3">
  <VPN A="VPN1" B="0" C="0.100000" D="2" E="cm"/>
  <PFD A="PFD1" C="taikisample" D="59535">
    <PLN A="1">
      <LSG A="1">
        <PNT A="2" C="42.534354300000004" D="143.2252729"/>
        <PNT A="2" C="42.534354300000004" D="143.2280838"/>
        <PNT A="2" C="42.53701060000001" D="143.2280838"/>
        <PNT A="2" C="42.53701060000001" D="143.2252729"/>
        <PNT A="2" C="42.534354300000004" D="143.2252729"/>
      </LSG>
    </PLN>
  </PFD>
  <TSK A="TSK1" E="PFD1" G="1" J="254">
    <DLT A="DFFF" B="1" D="1000"/>
    <TZN A="1" B="1">
      <PDV A="0010" B="10" C="PDT1" E="VPN1"/>
    </TZN>
    <TZN A="2" B="2">
      <PDV A="0010" B="20" C="PDT1" E="VPN1"/>
    </TZN>
    <TZN A="3" B="3">
      <PDV A="0010" B="30" C="PDT1" E="VPN1"/>
    </TZN>
    <TZN A="4" B="4">
      <PDV A="0010" B="40" C="PDT1" E="VPN1"/>
    </TZN>
    <TZN A="5" B="5">
      <PDV A="0010" B="50" C="PDT1" E="VPN1"/>
    </TZN>
    <TZN A="254" B="254">
      <PDV A="0010" B="0" C="PDT1" E="VPN1"/>
    </TZN>
    <GRD A="42.53435008428441" B="143.22528124227335" C="0.00000905702484314908" D="0.00001193510443618235" E="234" F="295" G="GRD00001" H="69030" I="1"/>
  </TSK>
</ISO11783_TaskData>
